{"Mean Squared Error": 0.2838825637701443, "Mean Absolute Error": 0.4107744309654374, "R^2 Score": 0.7160806396622583, "Explained Variance Score": 0.716506183087116}