{"MSE": 0.30406086617963124, "R2": 0.704835429491867, "MAE": 0.42314376265998965}