{"Mean Squared Error": 0.2878823467434421, "Mean Absolute Error": 0.4158968947553501, "R^2 Score": 0.712080338241182, "Explained Variance Score": 0.7125725543910766}